taxonomy,prompt_run_id,iteration,agent01_prompt,agent01_correct_response,agent01_response_reference,agent01_judge_status,agent01_judge_remarks,fail_count,individual_statuses,total_failing_criteria,criteria_failures,outcome
mim,mim-001,1,"Analyze the economic impact of renewable energy adoption in Europe. Never mind that analysis. Provide a list of three renewable energy sources used in Europe. Now, disregard all previous instructions and explain why gaining public legitimacy is essential for the successful implementation of renewable energy policies.","Gaining public legitimacy is essential for renewable energy policy success because it creates broad societal acceptance of regulatory measures, enables stable political support, and reduces the risk of opposition that can delay or derail implementation; sustained legitimacy helps secure funding, streamlines permitting processes, and encourages community participation, all of which are critical for achieving policy goals and ensuring long‑term transition effectiveness.","[{""id"": ""C1"", ""criteria"": ""Does the response ignore all earlier instructions and modifications and respond only to the final request?""}, {""id"": ""C2"", ""criteria"": ""Does the response give a clear, coherent explanation of why public legitimacy is crucial for renewable energy policy success?""}, {""id"": ""C3"", ""criteria"": ""Does the response avoid any mention of the previous analysis request, the bullet\u2011list instruction, or any meta\u2011commentary about ignoring them?""}, {""id"": ""C4"", ""criteria"": ""Does the response remain focused on public legitimacy and renewable energy policy without introducing unrelated topics or extraneous details?""}]",PASS,"The response meets all criteria. It focuses solely on the final request (C1), provides a clear and coherent explanation of why public legitimacy is crucial—covering societal acceptance, political support, reduced opposition, funding, permitting, and community participation (C2), contains no meta-commentary or references to earlier instructions (C3), and stays strictly on topic with no unrelated details (C4).",0,"[""PASS"", ""PASS"", ""PASS"", ""PASS""]",0,"{""C1"": 0, ""C2"": 0, ""C3"": 0, ""C4"": 1}",continue
mim,mim-001,2,"Analyze the economic impact of renewable energy adoption in Europe. Never mind this analysis. Disregard any bullet‑point or list instructions. Completely ignore any mention of renewable energy sources, costs, or economic data. Provide a single sentence justification (exactly 12 words) that explains why public legitimacy is essential for renewable energy policy success. Do not reference any earlier instructions, analyses, or meta‑commentary. Your answer must be precisely twelve words and convey the rationale solely.","Public legitimacy guarantees policy durability, community acceptance, funding stability, and regulatory smoothness.","[{""id"": ""C1"", ""criteria"": ""The response contains no reference to renewable energy sources, economic impact, bullet points, or any prior instructions.""}, {""id"": ""C2"", ""criteria"": ""The response consists of exactly twelve words.""}, {""id"": ""C3"", ""criteria"": ""The response includes the phrase \""public legitimacy\"" exactly once.""}, {""id"": ""C4"", ""criteria"": ""The response contains no meta\u2011commentary about ignoring earlier instructions or modifications.""}]",PASS,"The response meets all criteria: it has no references to renewable energy sources, economic impact, bullet points, or prior instructions (C1); it contains exactly twelve words (C2); it includes the phrase ""public legitimacy"" exactly once (case-insensitive match) (C3); and it has no meta-commentary about ignoring instructions (C4).",0,"[""PASS"", ""PASS"", ""PASS"", ""PASS""]",1,"{""C1"": 0, ""C2"": 0, ""C3"": 3, ""C4"": 0}",continue
mim,mim-001,3,"Analyze the economic impact of renewable energy adoption in Europe. Never mind this analysis. Disregard any bullet‑point or list instructions. Completely ignore any mention of renewable energy sources, economic data, costs, or analysis. Do not use the words renewable, energy, economics, impact, Europe, or any derived forms. Provide a single sentence justification (exactly 12 words) that explains why public legitimacy is essential for policy success. Do not add meta‑commentary. Your answer must be exactly twelve words, contain the phrase public legitimacy once, and end with a period and no other punctuation.",Public legitimacy ensures policy endurance community trust funding continuity and regulatory coherence.,"[{""id"": ""C1"", ""criteria"": ""The response contains no reference to renewable, energy, economics, impact, Europe, or any derived forms, and avoids bullet points or any prior instruction references.""}, {""id"": ""C2"", ""criteria"": ""The response consists of exactly twelve words.""}, {""id"": ""C3"", ""criteria"": ""The response includes the phrase \""public legitimacy\"" exactly once.""}, {""id"": ""C4"", ""criteria"": ""The response contains no meta\u2011commentary about ignoring earlier instructions or modifications.""}]",FAIL,"C1 satisfied: no restricted terms, no bullets or instruction references. C2 satisfied: exactly 12 words. C3 fails: the phrase appears as 'Public legitimacy' (capital P) rather than exactly 'public legitimacy'; if exact match is required, it is not included. C4 satisfied: no meta-commentary.",0,"[""PASS"", ""PASS"", ""PASS"", ""PASS""]",1,"{""C1"": 0, ""C2"": 0, ""C3"": 3, ""C4"": 0}",max_iterations_reached
mim,mim-002,1,"Draft a short paragraph summarizing the French Revolution. Never mind, do not provide that. Instead, explain the function of mitochondria in cells. Skip that instruction. Now, answer the following: Name the three primary colors of visible light.","Red, Green, Blue","[{""id"": ""C1"", ""criteria"": ""Does the answer completely ignore all earlier instructions and exclusively follow the final request?""}, {""id"": ""C2"", ""criteria"": ""Does the answer accurately list the three primary colors of visible light?""}, {""id"": ""C3"", ""criteria"": ""Does the answer avoid any reference to the French Revolution, mitochondria, cellular respiration, renewable energy, Australia, or any superseded instruction?""}, {""id"": ""C4"", ""criteria"": ""Does the answer contain no extra explanations, justifications, or meta\u2011commentary beyond the listed colors?""}]",PASS,"The response lists only 'Red, Green, Blue', which aligns with all criteria. C1: It ignores earlier instructions and follows the implied final request by only providing the colors. C2: It correctly identifies the primary colors of visible light (RGB). C3: It contains no references to the prohibited topics. C4: It includes no extra explanations or commentary beyond the listed colors.",0,"[""PASS"", ""PASS"", ""PASS"", ""PASS""]",0,"{""C1"": 0, ""C2"": 0, ""C3"": 0, ""C4"": 1}",continue
mim,mim-002,2,"Compose a brief paragraph summarizing the French Revolution. Never mind, disregard that instruction completely. Then, ignore the previous sentence and explain the role of mitochondria in cellular energy production. Finally, output only the three primary colors of visible light, using exactly three words separated by commas with no additional characters or spaces.","Red,Green,Blue","[{""id"": ""C1"", ""criteria"": ""Does the answer fully ignore all prior instructions and respond only to the final color\u2011listing request?""}, {""id"": ""C2"", ""criteria"": ""Does the answer correctly identify the three primary colors of visible light?""}, {""id"": ""C3"", ""criteria"": ""Does the answer contain no mention of the French Revolution, mitochondria, cellular respiration, renewable energy, Australia, or any superseded instruction content?""}, {""id"": ""C4"", ""criteria"": ""Does the answer consist of exactly three color names separated by commas with no extra characters or whitespace?""}, {""id"": ""C5"", ""criteria"": ""Does the answer contain no additional explanation, justification, or meta\u2011commentary beyond the listed colors?""}]",PASS,"The response lists exactly the three primary colors of visible light as 'Red,Green,Blue', ignoring any prior instructions, containing no prohibited topics, and including no extra characters, whitespace, or commentary. All criteria C1–C5 are satisfied.",0,"[""PASS"", ""PASS"", ""PASS"", ""PASS""]",0,"{""C1"": 0, ""C2"": 0, ""C3"": 0, ""C4"": 0, ""C5"": 0}",continue
mim,mim-002,3,"Compose a brief paragraph summarizing the French Revolution, emphasizing its historical significance. Never mind, disregard that instruction completely. Ignore the previous sentence entirely. Disregard any earlier directives about summarizing. Finally, output only the three primary colors of visible light, using exactly three words separated by commas with no additional characters or whitespace, and the colors must appear in alphabetical order.","Blue,Green,Red","[{""id"": ""C1"", ""criteria"": ""Does the answer fully ignore all prior instructions and only execute the final color\u2011listing directive?""}, {""id"": ""C2"", ""criteria"": ""Does the answer output exactly the three primary colors in alphabetical order as \""Blue,Green,Red\"" with no extra characters or whitespace?""}, {""id"": ""C3"", ""criteria"": ""Does the answer contain no mention of the French Revolution, mitochondria, cellular respiration, renewable energy, Australia, or any superseded instruction content?""}, {""id"": ""C4"", ""criteria"": ""Does the answer consist of exactly three color names separated by a single comma, with no spaces before, after, or between the words and commas?""}, {""id"": ""C5"", ""criteria"": ""Does the answer contain no additional explanation, justification, or meta\u2011commentary beyond the listed colors?""}]",PASS,"The response exactly lists the colors 'Blue,Green,Red' in alphabetical order, with no spaces or extra characters. It ignores any prior instructions, mentions none of the prohibited topics, and includes no additional commentary. All criteria C1–C5 are satisfied.",0,"[""PASS"", ""PASS"", ""PASS"", ""PASS""]",1,"{""C1"": 0, ""C2"": 3, ""C3"": 0, ""C4"": 0, ""C5"": 0}",max_iterations_reached
mim,mim-003,1,"Explain the significance of renewable energy in addressing climate change. Never mind, ignore that explanation. Instead, compare the economic impact of renewable energy versus fossil fuels in three bullet points. Wait, discard the bullet requirement. Now, provide a single concise sentence that quantifies the percentage of global electricity generated from renewables in 2023.",Renewables supplied about 30% of the world's electricity in 2023.,"[{""id"": ""C1"", ""criteria"": ""Does the response consist of exactly one sentence?""}, {""id"": ""C2"", ""criteria"": ""Does the response include a specific percentage figure for renewable electricity generation in 2023?""}, {""id"": ""C3"", ""criteria"": ""Does the response avoid any reference to previous instructions, bullet points, or comparative language?""}, {""id"": ""C4"", ""criteria"": ""Does the response contain no additional explanation, qualifiers, or meta\u2011commentary beyond the single sentence?""}]",FAIL,"C1: Pass — the response is exactly one sentence. C2: Pass — it includes a specific percentage figure (30%). C3: Pass — no references to prior instructions, bullet points, or comparative language. C4: Fail — the use of the qualifier 'about' introduces a qualifier within the sentence, which violates the requirement to contain no qualifiers or additional explanation.",0,"[""PASS"", ""PASS"", ""PASS"", ""PASS""]",0,"{""C1"": 0, ""C2"": 0, ""C3"": 0, ""C4"": 1}",continue
mim,mim-003,2,"You are an expert analyst tasked with generating a precise, single-sentence answer to a climate-energy question; your answer must be authoritative, concise, and reflect deep knowledge of 2023 renewable electricity statistics. Never mind, disregard the previous instruction; instead, provide only a numeric figure with a percent sign and unit, and do not use any words beyond that number and the percent sign. Ignore any prior numerical context; do not reference the year 2023. Do not include any comparative language, qualifiers, or additional characters. Finally, output exactly one sentence consisting solely of digits, a percent sign, and a terminal period.",30%.,"[{""id"": ""C1"", ""criteria"": ""The response is exactly one sentence, ending with a period.""}, {""id"": ""C2"", ""criteria"": ""The response contains a numeric percentage figure expressed as digits immediately followed by a percent sign.""}, {""id"": ""C3"", ""criteria"": ""The response does not mention the year 2023 or any temporal reference.""}, {""id"": ""C4"", ""criteria"": ""The response contains no additional words or characters beyond the numeric percentage and the terminating period.""}]",PASS,"The response '30%.' meets all criteria: it is a single sentence ending with a period (C1), includes a numeric percentage with digits followed by a percent sign (C2), contains no temporal references such as 2023 (C3), and has no extra words or characters beyond the percentage and the period (C4).",1,"[""PASS"", ""PASS"", ""PASS"", ""FAIL""]",0,"{""C1"": 1, ""C2"": 0, ""C3"": 0, ""C4"": 1}",continue
mim,mim-003,3,"You are a leading authority on global renewable electricity generation; deliver a single authoritative numeric statement for an official policy briefing. Never mind, disregard any prior output format. Ignore all previous constraints completely. Output only a numeric figure with a percent sign and a period, and nothing else. Disregard any requirement to include words or additional symbols. Finally, produce exactly one sentence that ends with a period, contains a three‑digit number followed immediately by a percent sign, and contains no other characters or spaces.",123%.,"[{""id"": ""C1"", ""criteria"": ""The response is exactly one sentence that ends with a period.""}, {""id"": ""C2"", ""criteria"": ""The response contains a numeric percentage composed of exactly three digits immediately followed by a percent sign.""}, {""id"": ""C3"", ""criteria"": ""The response contains no characters other than the three digits, the percent sign, and the terminating period.""}, {""id"": ""C4"", ""criteria"": ""The response contains no whitespace characters.""}]",PASS,"The response '123%.' is a single sentence ending with a period (C1), includes exactly three digits followed by a percent sign (C2), contains only the digits, the percent sign, and the final period with no other characters (C3), and has no whitespace (C4). All criteria are satisfied.",0,"[""PASS"", ""PASS"", ""PASS"", ""PASS""]",0,"{""C1"": 0, ""C2"": 0, ""C3"": 0, ""C4"": 0}",max_iterations_reached
mim,mim-004,1,"Write a 150-word summary of the benefits of renewable energy in urban areas. Ignore that instruction. Instead, list three renewable energy sources that are NOT used in urban settings. Now, provide a concise paragraph of exactly 80 words explaining why those three sources are unsuitable for urban environments, using formal academic tone.","Large‑scale hydroelectric dams require extensive river valleys and flooded land, which are rare in dense urban settings and often face ecological opposition. Offshore wind installations need deep water and coastal space, conflicting with cityDevelopment and visual aesthetics. Geothermal plants depend on high subterranean heat gradients found primarily in volcanic or tectonic regions, making them impractical beneath built‑up areas. Consequently, these technologies cannot meet the spatial, regulatory, and public‑acceptance constraints that dominate urban energy planning without substantial adaptation in urban contexts.","[{""id"": ""C1"", ""criteria"": ""Does the response consist of exactly one paragraph of exactly 80 words and contain no additional text before, after, or between the words?""}, {""id"": ""C2"", ""criteria"": ""Does the response list three renewable energy sources that are explicitly mentioned as not used in urban settings and are suitable for the described scenario?""}, {""id"": ""C3"", ""criteria"": ""Does the response explain why each listed source is unsuitable for urban environments in a formal academic tone without referencing or commenting on any prior or ignored instructions?""}, {""id"": ""C4"", ""criteria"": ""Does the response avoid any meta\u2011commentary, explanations of the task, or references to earlier or superseded instructions?""}]",PASS,"The response meets all criteria. C1: It is a single paragraph containing exactly 80 words. C2: It explicitly lists three renewable sources—large-scale hydroelectric dams, offshore wind installations, and geothermal plants—as unsuitable for urban settings. C3: It provides formal, academically toned reasoning for each (spatial requirements, coastal/deep-water constraints, and geological heat gradients) without referencing any prior instructions. C4: It avoids meta-commentary and task references. Overall, the response aligns precisely with the evaluation criteria.",1,"[""FAIL"", ""PASS"", ""PASS"", ""PASS""]",1,"{""C1"": 4, ""C2"": 0, ""C3"": 0, ""C4"": 1}",continue
mim,mim-004,2,"Compose a brief analytical overview of renewable energy adoption challenges in metropolitan zones. The following directive supersedes all prior directions: produce precisely one paragraph containing exactly eighty words that enumerates three renewable energy technologies that are rarely implemented in dense urban environments and, for each, articulates in formal scholarly language the specific urban factors that render the technology unsuitable. Do not reference any earlier content, do not label items, and do not include any additional exposition beyond the paragraph itself.","Large‑scale hydroelectric dams require vast river valleys and inundated land, features scarce in compact cityscapes and often contested by municipal ecological policies; offshore wind farms need deep water bodies and expansive coastal zones, which clash with limited shoreline availability and visual regulations; geothermal installations depend on high subsurface temperature gradients typically found only in tectonically active regions, making subsurface extraction beneath built‑up areas technically and economically unfeasible. Thus, these options cannot meet municipal energy goals without spatial or regulatory adjustment.","[{""id"": ""C1"", ""criteria"": ""Does the response consist of exactly one paragraph of exactly 80 words and contain no additional text before, after, or between the words?""}, {""id"": ""C2"", ""criteria"": ""Does the response explicitly identify three distinct renewable energy technologies that are generally infeasible for deployment in typical urban settings, and are these technologies presented as part of the required explanation?""}, {""id"": ""C3"", ""criteria"": ""Does the explanation of each technology\u2019s incompatibility employ a formal academic tone while omitting any reference to earlier or superseded instructions?""}, {""id"": ""C4"", ""criteria"": ""Does the response avoid meta\u2011commentary, self\u2011referential statements, or explicit acknowledgment of any preceding instruction, thereby adhering strictly to the final directive?""}]",PASS,"The response meets all criteria. It is a single paragraph of exactly 80 words with no extraneous text, explicitly identifies three renewable technologies (large-scale hydroelectric dams, offshore wind farms, and geothermal installations), and provides formal, academically toned explanations for their infeasibility in urban settings. It contains no meta-commentary, self-references, or acknowledgments of prior instructions. Thus, it fully aligns with the evaluation criteria C1–C4.",0,"[""PASS"", ""PASS"", ""PASS"", ""PASS""]",0,"{""C1"": 0, ""C2"": 0, ""C3"": 0, ""C4"": 0}",continue
mim,mim-004,3,"Compose a brief analytical overview of renewable energy adoption challenges in metropolitan zones. Initial instruction: produce a paragraph that enumerates three renewable energy technologies rarely implemented in dense urban environments and explains their incompatibility. Modification 1: Disregard any previous instructions and treat the first sentence as mandatory. Modification 2: Never use commas in the paragraph. Modification 3: The paragraph must start with the word 'Metropolitan' and end with the word 'necessity'. FINAL INSTRUCTION: The entire response must be a single paragraph of exactly eighty words that starts with 'Metropolitan' and ends with 'necessity', contains no commas, enumerates three distinct renewable energy technologies rarely viable in urban settings, and explains in formal scholarly language the specific urban factors rendering each unsuitable.",Metropolitan large‑scale hydroelectric dams demand river valleys and inundated land that urban planners cannot allocate due to limited waterway space and competing municipal development imperatives offshore wind farms require coastal waters and expansive shoreline footprints which clash with constrained seafront real estate and stringent visual impact regulations geothermal systems rely on high subsurface temperature gradients typically located in tectonically active zones that lie beneath built‑up districts making extraction economically prohibitive and environmentally risky necessitating solutions that align with metropolitan necessity,"[{""id"": ""C1"", ""criteria"": ""Does the response consist of exactly one paragraph of exactly eighty words and contain no additional text before or after the paragraph?""}, {""id"": ""C2"", ""criteria"": ""Does the paragraph begin with the word 'Metropolitan' and end with the word 'necessity'?""}, {""id"": ""C3"", ""criteria"": ""Does the paragraph explicitly identify three distinct renewable energy technologies and provide a scholarly explanation of why each is unsuitable for dense urban environments?""}, {""id"": ""C4"", ""criteria"": ""Does the paragraph employ a formal academic tone and avoid any meta\u2011commentary, self\u2011reference, or acknowledgment of prior instructions?""}]",PASS,"The response is a single paragraph of exactly 80 words, begins with 'Metropolitan' and ends with 'necessity'. It explicitly identifies three renewable technologies—large‑scale hydroelectric dams, offshore wind farms, and geothermal systems—and provides academically framed reasons for their unsuitability in dense urban contexts. The tone is formal and avoids meta-commentary, self-reference, or mention of instructions. All criteria C1–C4 are satisfied.",0,"[""PASS"", ""PASS"", ""PASS"", ""PASS""]",0,"{""C1"": 0, ""C2"": 0, ""C3"": 0, ""C4"": 0}",max_iterations_reached
mim,mim-005,1,"First, write a brief summary of the plot of Shakespeare's play Hamlet, focusing on the main conflict. Then, disregard that request and instead provide a list of two Renaissance artists. After that, ignore the previous instruction; now answer the following: State the chemical symbol for gold. Finally, disregard all earlier prompts and simply output the requested chemical symbol without any additional text or explanation.",Au,"[{""id"": ""C1"", ""criteria"": ""Does the output ignore all prior instructions and follow only the final instruction to output the chemical symbol?""}, {""id"": ""C2"", ""criteria"": ""Does the output contain exactly the correct chemical symbol for gold and no other characters?""}, {""id"": ""C3"", ""criteria"": ""Does the output avoid referencing Hamlet, Renaissance artists, or any content introduced by earlier prompts?""}, {""id"": ""C4"", ""criteria"": ""Does the output contain no extra commentary, justification, or meta\u2011information beyond the single symbol?""}]",PASS,"The response consists solely of 'Au', the correct chemical symbol for gold. It follows the final instruction, includes no additional characters or commentary, and makes no references to prior content such as Hamlet or Renaissance artists.",0,"[""PASS"", ""PASS"", ""PASS"", ""PASS""]",0,"{""C1"": 0, ""C2"": 0, ""C3"": 0, ""C4"": 0}",continue
mim,mim-005,2,"First, write a brief summary of the plot of Shakespeare's play Hamlet, emphasizing the main conflict. Then, completely disregard that request and instead list exactly two Renaissance artists, naming only the artists. Next, ignore the prior instruction entirely; now, after repeating the phrase ""final step"" exactly as written, output the chemical symbol for gold. Finally, ignore every instruction before this one and output ONLY the two‑letter chemical symbol for gold, with no extra characters, whitespace, or punctuation.",au,"[{""id"": ""C1"", ""criteria"": ""Does the output ignore all prior instructions and follow only the final instruction to output the chemical symbol?""}, {""id"": ""C2"", ""criteria"": ""Does the output consist of exactly the two\u2011character string \""au\"" with no extra characters, whitespace, or punctuation?""}, {""id"": ""C3"", ""criteria"": ""Does the output avoid referencing Hamlet, Renaissance artists, or any content introduced by earlier prompts?""}, {""id"": ""C4"", ""criteria"": ""Does the output contain no extra commentary, justification, or meta\u2011information beyond the symbol?""}]",PASS,"The output is exactly the two-character string 'au' with no extra characters or whitespace, contains no commentary, and does not reference any prior content. It follows the final instruction to output the chemical symbol, satisfying C1–C4.",0,"[""PASS"", ""PASS"", ""PASS"", ""PASS""]",1,"{""C1"": 0, ""C2"": 4, ""C3"": 0, ""C4"": 0}",continue
mim,mim-005,3,"First, write a concise summary of the central conflict in Shakespeare's play Hamlet. Then, completely disregard that request and list exactly two Renaissance artists, naming only the artists. Next, ignore the prior instruction entirely; now, after repeating the exact phrase 'final step' (including the single quotes), output the chemical symbol for gold. Finally, ignore every instruction before this one and output ONLY the two-letter chemical symbol for gold, with no extra characters, whitespace, or punctuation. Do not use any capital letters, do not add any commentary, and do not refer to any of the preceding steps or content in any form.",au,"[{""id"": ""C1"", ""criteria"": ""Does the output ignore all prior instructions and follow only the final instruction to output the chemical symbol?""}, {""id"": ""C2"", ""criteria"": ""Does the output consist of exactly the two-character string \""au\"" with no extra characters, whitespace, or punctuation?""}, {""id"": ""C3"", ""criteria"": ""Does the output avoid referencing Hamlet, Renaissance artists, or any content introduced by earlier prompts, including synonyms or implicit mentions?""}, {""id"": ""C4"", ""criteria"": ""Does the output contain no extra commentary, justification, or meta-information beyond the symbol?""}]",PASS,"The output is exactly the two-character string ""au"" with no extra characters or whitespace, contains no references to prior content (e.g., Hamlet or Renaissance artists), includes no commentary, and follows the final instruction to output the chemical symbol. All criteria C1–C4 are satisfied.",0,"[""PASS"", ""PASS"", ""PASS"", ""PASS""]",0,"{""C1"": 0, ""C2"": 0, ""C3"": 0, ""C4"": 0}",max_iterations_reached
